song_title,song_link
Ariana Grande,https://arianagrande.fandom.com/wiki/Ariana_Grande
'Til We Finally Meet,https://arianagrande.fandom.com/wiki/%27Til_We_Finally_Meet
(The Legend of) Miss Baltimore Crabs,https://arianagrande.fandom.com/wiki/(The_Legend_of)_Miss_Baltimore_Crabs
(You Make Me Feel Like) A Natural Woman,https://arianagrande.fandom.com/wiki/(You_Make_Me_Feel_Like)_A_Natural_Woman
100,https://arianagrande.fandom.com/wiki/100
1st Unknown My Everything Outtake,https://arianagrande.fandom.com/wiki/1st_Unknown_My_Everything_Outtake
34+35,https://arianagrande.fandom.com/wiki/34%2B35
3OH!3 Outtake,https://arianagrande.fandom.com/wiki/3OH!3_Outtake
7 Rings,https://arianagrande.fandom.com/wiki/7_Rings
90s Idea Number 4,https://arianagrande.fandom.com/wiki/90s_Idea_Number_4
90s Idea Number 5,https://arianagrande.fandom.com/wiki/90s_Idea_Number_5
90s Idea Number 6,https://arianagrande.fandom.com/wiki/90s_Idea_Number_6
90s Idea Number 7,https://arianagrande.fandom.com/wiki/90s_Idea_Number_7
95 Million,https://arianagrande.fandom.com/wiki/95_Million
A Hand For Mrs. Claus,https://arianagrande.fandom.com/wiki/A_Hand_For_Mrs._Claus
A Little More Homework,https://arianagrande.fandom.com/wiki/A_Little_More_Homework
A Wicked Good Finale,https://arianagrande.fandom.com/wiki/A_Wicked_Good_Finale
ABC,https://arianagrande.fandom.com/wiki/ABC
Adore,https://arianagrande.fandom.com/wiki/Adore
Ain't About What You Got,https://arianagrande.fandom.com/wiki/Ain%27t_About_What_You_Got
All I Want for Christmas Is You,https://arianagrande.fandom.com/wiki/All_I_Want_for_Christmas_Is_You
All I Want Is Everything,https://arianagrande.fandom.com/wiki/All_I_Want_Is_Everything
All My Love,https://arianagrande.fandom.com/wiki/All_My_Love
All That,https://arianagrande.fandom.com/wiki/All_That
Almost Is Never Enough,https://arianagrande.fandom.com/wiki/Almost_Is_Never_Enough
Anti Shit,https://arianagrande.fandom.com/wiki/Anti_Shit
Ariana Beat,https://arianagrande.fandom.com/wiki/Ariana_Beat
Arturo Sandoval (song),https://arianagrande.fandom.com/wiki/Arturo_Sandoval_(song)
Astonishing,https://arianagrande.fandom.com/wiki/Astonishing
Baby I,https://arianagrande.fandom.com/wiki/Baby_I
Baby Loves,https://arianagrande.fandom.com/wiki/Baby_Loves
"Baby, It's Cold Outside","https://arianagrande.fandom.com/wiki/Baby,_It%27s_Cold_Outside"
Bad Decisions,https://arianagrande.fandom.com/wiki/Bad_Decisions
Bad Idea,https://arianagrande.fandom.com/wiki/Bad_Idea
Bad To You,https://arianagrande.fandom.com/wiki/Bad_To_You
Bang Bang,https://arianagrande.fandom.com/wiki/Bang_Bang
Be Alright (Ariana Grande song),https://arianagrande.fandom.com/wiki/Be_Alright_(Ariana_Grande_song)
Be Alright (Justin Bieber song),https://arianagrande.fandom.com/wiki/Be_Alright_(Justin_Bieber_song)
Be My Baby,https://arianagrande.fandom.com/wiki/Be_My_Baby
Beautiful,https://arianagrande.fandom.com/wiki/Beautiful
Beauty and the Beast,https://arianagrande.fandom.com/wiki/Beauty_and_the_Beast
Bed,https://arianagrande.fandom.com/wiki/Bed
Best Friends,https://arianagrande.fandom.com/wiki/Best_Friends
Best Mistake,https://arianagrande.fandom.com/wiki/Best_Mistake
Better Days,https://arianagrande.fandom.com/wiki/Better_Days
Better Left Unsaid,https://arianagrande.fandom.com/wiki/Better_Left_Unsaid
Better Off,https://arianagrande.fandom.com/wiki/Better_Off
Bittersweet Revenge,https://arianagrande.fandom.com/wiki/Bittersweet_Revenge
Blazed,https://arianagrande.fandom.com/wiki/Blazed
Bleeding Love,https://arianagrande.fandom.com/wiki/Bleeding_Love
Bloodline,https://arianagrande.fandom.com/wiki/Bloodline
Blue Moon (Remix),https://arianagrande.fandom.com/wiki/Blue_Moon_(Remix)
Borderline,https://arianagrande.fandom.com/wiki/Borderline
Born This Way/Express Yourself,https://arianagrande.fandom.com/wiki/Born_This_Way/Express_Yourself
Bowzer,https://arianagrande.fandom.com/wiki/Bowzer
Boyfriend,https://arianagrande.fandom.com/wiki/Boyfriend
Boyfriend Material,https://arianagrande.fandom.com/wiki/Boyfriend_Material
Boys Like You,https://arianagrande.fandom.com/wiki/Boys_Like_You
Brand New You,https://arianagrande.fandom.com/wiki/Brand_New_You
Brandy Melville,https://arianagrande.fandom.com/wiki/Brandy_Melville
BRB,https://arianagrande.fandom.com/wiki/BRB
Break Free,https://arianagrande.fandom.com/wiki/Break_Free
"Break Up With Your Girlfriend, I'm Bored","https://arianagrande.fandom.com/wiki/Break_Up_With_Your_Girlfriend,_I%27m_Bored"
Break Your Heart Right Back,https://arianagrande.fandom.com/wiki/Break_Your_Heart_Right_Back
Breathin,https://arianagrande.fandom.com/wiki/Breathin
Bridesmaid Speech,https://arianagrande.fandom.com/wiki/Bridesmaid_Speech
Bring Me To Life,https://arianagrande.fandom.com/wiki/Bring_Me_To_Life
Butterflies,https://arianagrande.fandom.com/wiki/Butterflies
Bye,https://arianagrande.fandom.com/wiki/Bye
Cadillac Song,https://arianagrande.fandom.com/wiki/Cadillac_Song
California Gurls / Tik Tok,https://arianagrande.fandom.com/wiki/California_Gurls_/_Tik_Tok
Check In,https://arianagrande.fandom.com/wiki/Check_In
Chestnuts,https://arianagrande.fandom.com/wiki/Chestnuts
Clarity,https://arianagrande.fandom.com/wiki/Clarity
Close Friends,https://arianagrande.fandom.com/wiki/Close_Friends
Closer,https://arianagrande.fandom.com/wiki/Closer
Clouds,https://arianagrande.fandom.com/wiki/Clouds
Cocoon,https://arianagrande.fandom.com/wiki/Cocoon
Come So Far (Got So Far To Go),https://arianagrande.fandom.com/wiki/Come_So_Far_(Got_So_Far_To_Go)
Communicate,https://arianagrande.fandom.com/wiki/Communicate
Confused,https://arianagrande.fandom.com/wiki/Confused
Congratulations,https://arianagrande.fandom.com/wiki/Congratulations
Could Be Us,https://arianagrande.fandom.com/wiki/Could_Be_Us
Count Me In,https://arianagrande.fandom.com/wiki/Count_Me_In
Dan E Elf Man,https://arianagrande.fandom.com/wiki/Dan_E_Elf_Man
Dance To This,https://arianagrande.fandom.com/wiki/Dance_To_This
Dancing Through Life,https://arianagrande.fandom.com/wiki/Dancing_Through_Life
Dandelion,https://arianagrande.fandom.com/wiki/Dandelion
Dang!,https://arianagrande.fandom.com/wiki/Dang!
Dangerous Woman (song),https://arianagrande.fandom.com/wiki/Dangerous_Woman_(song)
Dashin It,https://arianagrande.fandom.com/wiki/Dashin_It
Daydream On Occasion,https://arianagrande.fandom.com/wiki/Daydream_On_Occasion
Daydreamin',https://arianagrande.fandom.com/wiki/Daydreamin%27
Dear Old Shiz,https://arianagrande.fandom.com/wiki/Dear_Old_Shiz
December,https://arianagrande.fandom.com/wiki/December
Defying Gravity,https://arianagrande.fandom.com/wiki/Defying_Gravity
Diamonds Are A Girl's Best Friend,https://arianagrande.fandom.com/wiki/Diamonds_Are_A_Girl%27s_Best_Friend
Die For You (Remix),https://arianagrande.fandom.com/wiki/Die_For_You_(Remix)
Die in Your Arms,https://arianagrande.fandom.com/wiki/Die_in_Your_Arms
Dirty Love,https://arianagrande.fandom.com/wiki/Dirty_Love
Disco Dance,https://arianagrande.fandom.com/wiki/Disco_Dance
Do Dat,https://arianagrande.fandom.com/wiki/Do_Dat
Do You Love Me,https://arianagrande.fandom.com/wiki/Do_You_Love_Me
Don't Be Gone Too Long,https://arianagrande.fandom.com/wiki/Don%27t_Be_Gone_Too_Long
Don't Call Me Angel,https://arianagrande.fandom.com/wiki/Don%27t_Call_Me_Angel
Don't Dream It's Over,https://arianagrande.fandom.com/wiki/Don%27t_Dream_It%27s_Over
Don't Look Back in Anger,https://arianagrande.fandom.com/wiki/Don%27t_Look_Back_in_Anger
Don't Talk To My Man,https://arianagrande.fandom.com/wiki/Don%27t_Talk_To_My_Man
Don't Waste My Time,https://arianagrande.fandom.com/wiki/Don%27t_Waste_My_Time
Don't You (Forget About Me),https://arianagrande.fandom.com/wiki/Don%27t_You_(Forget_About_Me)
E Più Ti Penso,https://arianagrande.fandom.com/wiki/E_Pi%C3%B9_Ti_Penso
Earth,https://arianagrande.fandom.com/wiki/Earth
Emotions,https://arianagrande.fandom.com/wiki/Emotions
End Up With You,https://arianagrande.fandom.com/wiki/End_Up_With_You
Esta Noche,https://arianagrande.fandom.com/wiki/Esta_Noche
Eternal Sunshine (song),https://arianagrande.fandom.com/wiki/Eternal_Sunshine_(song)
Eternally,https://arianagrande.fandom.com/wiki/Eternally
Ever Been,https://arianagrande.fandom.com/wiki/Ever_Been
Every Creature Great And Small,https://arianagrande.fandom.com/wiki/Every_Creature_Great_And_Small
Everyday,https://arianagrande.fandom.com/wiki/Everyday
Everything I Do,https://arianagrande.fandom.com/wiki/Everything_I_Do
Everytime,https://arianagrande.fandom.com/wiki/Everytime
Faith,https://arianagrande.fandom.com/wiki/Faith
Fake Smile,https://arianagrande.fandom.com/wiki/Fake_Smile
Fantasize,https://arianagrande.fandom.com/wiki/Fantasize
User:FernMontes,https://arianagrande.fandom.com/wiki/User:FernMontes
First Time,https://arianagrande.fandom.com/wiki/First_Time
Five Fingaz To the Face,https://arianagrande.fandom.com/wiki/Five_Fingaz_To_the_Face
Focus,https://arianagrande.fandom.com/wiki/Focus
For Good,https://arianagrande.fandom.com/wiki/For_Good
Forevermore,https://arianagrande.fandom.com/wiki/Forevermore
FourFiveSeconds,https://arianagrande.fandom.com/wiki/FourFiveSeconds
Fuckin' With You,https://arianagrande.fandom.com/wiki/Fuckin%27_With_You
Get On Your Knees,https://arianagrande.fandom.com/wiki/Get_On_Your_Knees
Get Well Soon,https://arianagrande.fandom.com/wiki/Get_Well_Soon
Ghostin,https://arianagrande.fandom.com/wiki/Ghostin
Gimme Some Lovin',https://arianagrande.fandom.com/wiki/Gimme_Some_Lovin%27
Girl Is Mine,https://arianagrande.fandom.com/wiki/Girl_Is_Mine
Girls Just Want to Have Fun,https://arianagrande.fandom.com/wiki/Girls_Just_Want_to_Have_Fun
Give It Up,https://arianagrande.fandom.com/wiki/Give_It_Up
Gloss,https://arianagrande.fandom.com/wiki/Gloss
God Is A Woman,https://arianagrande.fandom.com/wiki/God_Is_A_Woman
Good As Hell (Remix),https://arianagrande.fandom.com/wiki/Good_As_Hell_(Remix)
Goodnight N Go,https://arianagrande.fandom.com/wiki/Goodnight_N_Go
Got Her Own,https://arianagrande.fandom.com/wiki/Got_Her_Own
Greedy,https://arianagrande.fandom.com/wiki/Greedy
Grenade,https://arianagrande.fandom.com/wiki/Grenade
Groovy Baby,https://arianagrande.fandom.com/wiki/Groovy_Baby
Hampstead,https://arianagrande.fandom.com/wiki/Hampstead
Hands On Me,https://arianagrande.fandom.com/wiki/Hands_On_Me
Hate That You Made Me Love You,https://arianagrande.fandom.com/wiki/Hate_That_You_Made_Me_Love_You
Haunt You,https://arianagrande.fandom.com/wiki/Haunt_You
Have Yourself A Merry Little Christmas,https://arianagrande.fandom.com/wiki/Have_Yourself_A_Merry_Little_Christmas
He Had It Comin,https://arianagrande.fandom.com/wiki/He_Had_It_Comin
Heatstroke,https://arianagrande.fandom.com/wiki/Heatstroke
Hi,https://arianagrande.fandom.com/wiki/Hi
Hide and Seek,https://arianagrande.fandom.com/wiki/Hide_and_Seek
Higher,https://arianagrande.fandom.com/wiki/Higher
Home,https://arianagrande.fandom.com/wiki/Home
Honeymoon Avenue,https://arianagrande.fandom.com/wiki/Honeymoon_Avenue
Hope is the Song,https://arianagrande.fandom.com/wiki/Hope_is_the_Song
Hopelessly Devoted To You,https://arianagrande.fandom.com/wiki/Hopelessly_Devoted_To_You
Hotel Rock Bottom (Remix),https://arianagrande.fandom.com/wiki/Hotel_Rock_Bottom_(Remix)
Hourglass,https://arianagrande.fandom.com/wiki/Hourglass
How Do You,https://arianagrande.fandom.com/wiki/How_Do_You
How I Look On You,https://arianagrande.fandom.com/wiki/How_I_Look_On_You
How You Feel,https://arianagrande.fandom.com/wiki/How_You_Feel
Human,https://arianagrande.fandom.com/wiki/Human
Hurt,https://arianagrande.fandom.com/wiki/Hurt
I Believe In You And Me,https://arianagrande.fandom.com/wiki/I_Believe_In_You_And_Me
I Can See,https://arianagrande.fandom.com/wiki/I_Can_See
I Don't Care,https://arianagrande.fandom.com/wiki/I_Don%27t_Care
I Don't Do Drugs,https://arianagrande.fandom.com/wiki/I_Don%27t_Do_Drugs
I Don't Know Why (I Just Do),https://arianagrande.fandom.com/wiki/I_Don%27t_Know_Why_(I_Just_Do)
I Don't Wanna Lie,https://arianagrande.fandom.com/wiki/I_Don%27t_Wanna_Lie
I Don't Want To Be Alone for Christmas,https://arianagrande.fandom.com/wiki/I_Don%27t_Want_To_Be_Alone_for_Christmas
I Get Crazy,https://arianagrande.fandom.com/wiki/I_Get_Crazy
I Have Nothing,https://arianagrande.fandom.com/wiki/I_Have_Nothing
I Love Me,https://arianagrande.fandom.com/wiki/I_Love_Me
I Think You're Swell,https://arianagrande.fandom.com/wiki/I_Think_You%27re_Swell
I Wanna Dance With Somebody,https://arianagrande.fandom.com/wiki/I_Wanna_Dance_With_Somebody
I Want You Back,https://arianagrande.fandom.com/wiki/I_Want_You_Back
I Wish I Hated You,https://arianagrande.fandom.com/wiki/I_Wish_I_Hated_You
I Won't Say I'm In Love,https://arianagrande.fandom.com/wiki/I_Won%27t_Say_I%27m_In_Love
Local Sitemap,https://arianagrande.fandom.com/wiki/Local_Sitemap
